Total,Speed,Direction
9.536333427777778,5.81152,NW
8.956622266666667,5.81152,NW
3.8899388777777775,4.91744,WNW
1.8911508379888269,5.81152,WNW
1.8886388888888888,3.12928,NNW
4.075122205555556,3.12928,NNW
12.855493831250001,4.91744,NW
28.577251603351957,12.07008,NNW
29.207122935064934,12.96416,NNW
26.18360011111111,9.83488,N
15.479899022471912,9.83488,N
9.818705644444444,8.9408,N
7.854544394444444,8.04672,N
6.405353281437126,4.91744,NNW
2.574404958677686,4.91744,N
0.8849828571428572,0.8940800000000001,SSE
1.5353743016759775,3.12928,SSW
3.1950670446927374,4.02336,SSW
3.125517869047619,7.15264,S
9.605883388888888,4.91744,S
6.8739833500000005,5.81152,SSE
11.847622355555556,8.04672,ESE
27.57367228333333,7.15264,E
31.91957717777778,12.07008,ENE
26.577733427777776,9.83488,NE
30.222766522222223,12.07008,ENE
35.37581086111111,12.07008,NE
33.72358827222222,13.85824,NE
31.862794033333333,12.07008,NE
27.789700005555556,11.176,NE
23.510415005681818,12.07008,NE
15.059116783333334,8.04672,NE
9.186766705555556,8.04672,ENE
10.9614001,7.15264,ENE
7.583982470930233,7.15264,NE
4.7369257085714285,7.15264,NE
4.438409096590909,8.04672,NE
4.4939213764044945,7.15264,NE
3.2701678321678322,5.81152,NE
2.433958823529412,4.91744,NNE
1.9121,5.81152,NE
3.7547666666666664,4.91744,NE
2.720588888888889,4.02336,NE
2.129548611111111,4.02336,N
2.4665095541401274,4.91744,NNE
3.6972203446327683,4.91744,NE
3.11250555,4.91744,NE
4.645882670391061,5.81152,NE
4.295915730337079,5.81152,NE
2.935338877777778,4.91744,NE
3.110511369318182,4.02336,NNE
3.0896592178770947,5.81152,NNE
2.5191944444444445,4.91744,NNE
2.812233327777778,5.81152,NNE
6.752750027777778,7.15264,N
7.251288883333334,7.15264,N
10.020472244444445,7.15264,N
17.45528818644068,11.176,NNE
9.04676080368098,11.176,N
10.402398994382022,9.83488,NNE
4.012232550387597,7.15264,NE
1.1140347443181817,4.91744,NNE
1.159713407821229,1.78816,N
2.087166403508772,0.8940800000000001,E
3.4529290258064513,3.12928,SSW
3.7521833222222223,7.15264,SSE
3.1359776648044693,5.81152,SSE
5.240796059210527,4.02336,ESE
5.64834995,3.12928,SE
8.47039756626506,8.04672,E
8.953434887005649,7.15264,E
14.297639005555556,8.04672,E
25.966228205555556,15.19936,E
25.172783383333332,13.85824,ENE
24.04044052542373,8.04672,ESE
27.923622278145697,15.19936,ENE
30.009096141791044,13.85824,ENE
30.668421994285715,16.09344,NE
30.870549694444446,15.19936,NE
31.17981048888889,13.85824,NE
31.901138177777778,12.96416,NE
35.66870926035503,12.07008,NE
37.33917751724138,16.09344,NE
37.45147729213483,16.98752,NE
36.54288831666667,16.98752,NE
35.21220474444444,16.09344,NE
37.20784356666667,16.09344,NE
36.956693155555556,16.09344,NE
35.609221516666665,15.19936,NE
31.674190842696632,12.07008,NE
17.9859279,9.83488,NNE
9.809144538888889,8.9408,NNE
5.697844555555556,5.81152,NNE
0.9820833333333334,4.91744,NNE
0.8207150837988828,1.78816,ENE
5.270105655555556,4.02336,SSE
16.336909284090908,8.04672,SE
19.31850863841808,11.176,SE
19.08173346111111,9.83488,SE
19.684172766666666,8.04672,S
12.151344505555555,8.04672,SSW
21.0365502,7.15264,S
17.524572366666668,7.15264,SW
14.319994516666666,8.9408,SW
24.317858717514124,8.04672,S
36.85341827932961,9.83488,SSE
37.175488522222224,16.98752,SSE
27.55956671111111,16.09344,S
35.5543497,9.83488,S
33.95587236111111,11.176,S
27.765670802631583,8.9408,SSW
2.3389444444444445,4.02336,SE
1.0366055555555556,3.12928,SSE
0.7860222222222223,1.78816,ENE
1.1855166666666668,1.78816,ENE
1.7166277777777776,4.02336,ENE
1.6445777777777777,4.91744,ENE
1.8504166666666666,4.02336,E
1.9265611111111112,4.02336,E
6.9007832944444445,4.02336,ESE
9.972439022222222,7.15264,ESE
23.666861172222223,8.9408,SE
26.55315537777778,11.176,SE
10.533866677777779,9.83488,SE
14.914357586592178,7.15264,S
2.916234636871508,4.91744,WNW
3.1209166666666666,4.02336,SSW
5.162216633333333,4.02336,SSW
7.22096115,7.15264,SW
7.571816677777777,5.81152,SSW
8.584538944444445,5.81152,SSW
12.528325994382023,5.81152,SW
14.924022350000001,5.81152,SSW
14.144000183333333,8.04672,SW
6.839219106741573,8.04672,SW
6.978916672222223,4.91744,SSW
30.19987191666667,8.04672,SSE
37.51084955555555,12.96416,SSE
36.22583824444444,15.19936,SE
28.092127599999998,12.96416,SSE
29.657252539325842,8.9408,S
34.80373256111111,15.19936,WSW
32.30336643333333,13.85824,WSW
27.489861233333336,12.96416,WSW
28.043283244444446,11.176,SW
25.0452722,8.9408,SSW
17.619100111111113,8.9408,SSW
22.846555322222226,8.04672,S
36.52075962011173,11.176,SE
32.19433345555555,20.1168,SE
21.191783644444445,20.1168,SSE
26.230328022222224,21.01088,SSE
22.785383599999996,20.1168,S
18.23433362777778,24.14016,SW
33.66849690643275,21.01088,SW
27.36640578888889,20.1168,SSE
29.971010794444446,9.83488,SSW
32.57857228333334,12.96416,S
29.859688483333336,16.98752,S
19.71637726111111,17.8816,S
25.956416894444445,16.09344,WSW
25.8783226,13.85824,WNW
17.982078066666666,8.04672,W
17.638066972222223,12.07008,W
16.50206678888889,12.07008,W
18.123572588888887,8.9408,W
16.657094572222224,11.176,W
16.53505032777778,11.176,W
19.593730460674156,9.83488,W
20.983625983240223,11.176,SW
26.452283627777778,8.9408,W
25.877738955555554,11.176,W
30.327155172222223,9.83488,W
31.886626955555553,12.96416,W
27.749311350000003,12.96416,NW
27.7656446,12.96416,NW
26.681229279329607,12.96416,NW
23.225339005555558,9.83488,WNW
29.90680017777778,12.07008,W
32.052421966666664,15.19936,W
30.29440001111111,16.09344,WSW
27.95197818888889,16.98752,WSW
28.465475100558656,16.98752,W
27.91789734285714,16.98752,W
28.802872588888892,15.19936,WSW
29.91433903888889,16.09344,WSW
30.91826122222222,16.98752,W
27.98469976666667,16.98752,WSW
30.277033466666666,16.09344,WSW
27.971933277777776,15.19936,W
18.918433288888888,11.176,W
-0.6773833333333333,4.91744,SSW
2.1407111333333333,1.78816,S
0.47629999999999995,3.12928,ESE
1.084877788888889,4.91744,W
1.0810666666666668,7.15264,W
0.4016777777777778,4.91744,W
-1.2167,1.78816,WSW
-1.2650333333333332,1.78816,SW
-1.299088888888889,0.8940800000000001,SW
-0.9661222222222221,0.8940800000000001,ESE
4.284970953488372,3.12928,ESE
16.452655766666666,4.91744,ESE
17.746090033707866,8.9408,ESE
22.894566816666668,8.9408,SE
25.747744683333334,9.83488,SE
16.69075027222222,11.176,SSE
7.407488977777778,9.83488,SSE
7.908412536723164,5.81152,SSE
6.257294494444444,7.15264,SSE
3.890894511111111,7.15264,SSE
2.2403222277777775,4.91744,S
3.6189111555555553,5.81152,SSE
4.296877794444445,7.15264,SSE
4.496894533333333,5.81152,SSE
6.276377855555555,5.81152,SSE
10.058447235294118,7.15264,SSE
23.18863446285714,8.9408,SSE
20.866028195530724,9.83488,SSE
27.648049988888886,11.176,SSE
28.03773888888889,11.176,SSE
29.829594316666665,9.83488,S
29.209000230337075,11.176,SSE
22.393579738636365,11.176,S
32.21260553888889,12.96416,SSE
32.13457214444444,16.09344,SSE
31.93601651111111,16.09344,SSE
31.903016355555554,15.19936,SSE
31.591960927374306,13.85824,SSE
2.420850072222222,4.91744,WSW
10.032435826815641,4.02336,S
27.538789016666666,8.9408,SSE
30.534577883333334,12.07008,SSE
31.692916927777777,12.96416,SSE
16.30827538764045,13.85824,S
21.22962256111111,8.04672,S
26.744194766666663,8.9408,SSW
29.83920563888889,9.83488,SSW
31.468744694444442,11.176,SSW
30.744027822222222,12.96416,SSW
30.806533572222225,12.07008,SSW
27.705389111111113,12.07008,S
26.098011455555554,9.83488,S
25.527089344444445,11.176,S
23.28781141111111,11.176,SSE
21.793733622222224,8.04672,SE
20.324348410112357,8.9408,ESE
17.123904646067416,8.04672,SSW
16.238150311111113,9.83488,S
3.7168111722222226,8.04672,S
-0.7669222222222222,4.02336,SSE
0.31301111111111113,1.78816,SSW
5.095727805555556,3.12928,WNW
14.139833366666666,5.81152,W
30.895977488764043,11.176,WNW
32.911972327777775,12.07008,W
33.16963347222222,13.85824,W
33.188766783333335,16.98752,W
30.617078066666668,13.85824,W
20.876616833333333,12.96416,WSW
18.166939044444444,11.176,SSW
21.806933594444445,8.9408,S
13.43697248888889,4.02336,SW
14.353922145251397,9.83488,WSW
19.170644833333334,8.04672,SW
12.544061277777779,8.9408,SW
1.5007944722222224,7.15264,W
0.6910169548022599,0.8940800000000001,ENE
20.269255772222223,8.9408,S
29.09250605,8.9408,SW
24.452122411111112,11.176,WSW
21.80594977094972,17.8816,NNE
23.651877933333335,22.79904,NNE
32.44357633898305,20.1168,N
30.971785943820226,12.96416,NNW
33.34511012777778,15.19936,NNW
34.71897644444444,8.04672,NNW
24.282038916666664,11.176,NW
14.0086891,11.176,NW
6.0800001,5.81152,NW
0.28462222777777774,3.12928,WNW
32.614027472222226,13.85824,SSE
31.630444505555552,15.19936,SSE
33.90222763333333,13.85824,S
30.42719457777778,13.85824,SSW
28.54138897777778,21.01088,WSW
27.18333363888889,20.1168,WSW
31.185112331460672,21.01088,WSW
25.97239118888889,17.8816,SW
25.637733588888885,20.1168,WSW
27.83131702777778,17.8816,WSW
27.112600166666667,19.22272,W
26.667800538888887,20.1168,WSW
22.0910169,21.90496,WSW
26.57153353333333,20.1168,W
25.866266938888888,16.09344,WNW
24.262328044444445,12.07008,W
23.19245552222222,15.19936,WSW
24.020416816666668,12.96416,W
21.928039005555554,9.83488,WNW
19.93363902777778,11.176,W
25.24965021111111,12.07008,SSW
26.683572305555558,12.07008,S
25.474988905555556,13.85824,S
18.91799462222222,12.96416,WSW
21.73671698888889,11.176,SW
21.677800327777778,11.176,SW
19.474169807017542,12.96416,WSW
13.917791169491524,12.96416,SW
12.719972333333335,8.04672,SSW
6.330244544444444,8.9408,SSW
1.5346573033707864,5.81152,S
3.5050833666666663,4.91744,W
5.235383405555556,5.81152,WSW
10.628794070588235,7.15264,WSW
13.980742918128655,8.04672,SSW
8.710422344444444,9.83488,WSW
1.1353500277777777,7.15264,WNW
1.824961161111111,8.04672,N
7.097844516666666,7.15264,N
4.823033394444445,8.9408,N
1.0116333333333334,8.04672,N
-1.1803666611111112,3.12928,NNW
-0.33155555555555555,0.8940800000000001,SW
4.1596944944444445,4.91744,SSW
9.241611511111111,7.15264,SSW
8.365283444444444,7.15264,SW
14.995872355555555,8.04672,S
11.930816733333334,8.9408,SSW
14.28895565,8.04672,SSW
-0.9273722222222222,4.02336,NNW
-1.046038888888889,4.02336,N
-1.1164888888888889,3.12928,NNE
-0.5938388888888889,4.02336,NNE
3.7504333888888888,3.12928,ESE
7.317911183333333,5.81152,SSE
12.03453079329609,7.15264,S
10.273322272222222,5.81152,SSW
5.374827727777777,5.81152,S
3.1668944500000005,4.91744,SSW
3.0620888888888893,4.91744,SW
1.6573722222222222,4.02336,S
3.988955511111111,4.02336,SSW
5.8448820505617975,4.02336,SSW
2.557527777777778,4.91744,SW
9.409283349999999,5.81152,S
20.975389216666667,7.15264,SSW
27.06785557222222,9.83488,SSW
28.60504456111111,9.83488,SSW
29.075205555555556,9.83488,SW
27.278899547486034,12.96416,WSW
14.759134865168539,8.9408,W
4.363596602272728,4.02336,WSW
28.597022116666665,8.9408,NW
31.454060844444445,13.85824,NNW
31.551759519553073,12.96416,N
21.694666755555556,13.85824,NNW
10.553977822222222,9.83488,NNW
3.0291452458100556,5.81152,N
0.8356785606936415,3.12928,NNW
4.196459977653631,1.78816,SSW
13.126133427777777,7.15264,SSW
20.970294555555558,8.04672,S
20.190733433333335,8.04672,SSW
21.720983577777776,11.176,SW
21.264400172222224,11.176,SW
20.56222355865922,9.83488,S
26.505100149999997,12.96416,WSW
30.488405594444444,13.85824,WSW
27.897883438888886,12.07008,WSW
28.087066805555555,11.176,SSW
29.14799475,11.176,SSW
14.714094477777778,11.176,SSW
6.813145117318435,4.91744,SSW
6.844516633333333,4.02336,SSW
6.94293325,3.12928,S
8.143089161111112,3.12928,SSW
8.470139105555555,0.8940800000000001,N
8.014829488636364,4.02336,ENE
15.849358102272726,5.81152,ENE
35.664038455555556,12.96416,NE
27.546588983333333,12.96416,NE
26.11236138888889,9.83488,ENE
28.97337242777778,11.176,ENE
27.30695556111111,12.96416,ENE
24.199511322222225,11.176,E
20.113552674418603,8.04672,E
7.706883261111111,9.83488,NE
8.28359998888889,4.91744,ENE
8.534016616666666,8.04672,ENE
7.859822216666666,8.04672,ENE
8.319244494444444,8.04672,ENE
7.407237063583815,5.81152,NE
13.900294783333333,8.04672,NE
8.299283305555555,9.83488,NNE
8.01860011111111,8.04672,ENE
5.854566683333333,7.15264,ENE
3.9023999944444445,7.15264,NE
3.7451444666666664,4.91744,ESE
3.273461122222222,4.02336,ESE
5.064615836158192,7.15264,ESE
15.177166755555554,8.04672,ENE
26.114477849999997,12.07008,NNE
34.95795521111111,12.07008,NNE
36.58039351111111,17.8816,NNE
33.51455905084746,12.07008,NE
36.264199366666666,13.85824,NE
32.63715525,13.85824,E
36.43866075555555,15.19936,ESE
36.63722695,15.19936,ESE
34.36376641111111,12.96416,ESE
34.29741039444444,13.85824,ESE
35.6415438,13.85824,SE
30.12352803888889,12.07008,SE
29.589961133333333,16.09344,SSE
30.479300055555555,13.85824,SSE
31.52479436666667,9.83488,SSE
34.517227227777774,11.176,SSE
34.83672747222222,15.19936,SSE
29.97922766111111,13.85824,SSE
30.972305422222224,12.96416,SSE
32.542544,13.85824,SSE
32.86988320555555,16.09344,SSE
32.00047206111111,16.09344,SSE
32.68337745555556,17.8816,SE
33.96989942222222,16.98752,SE
33.083444344444445,16.09344,SE
35.48467153888889,16.09344,SE
35.516549072222226,16.98752,SE
34.992126722222224,15.19936,SE
34.56911045251397,12.96416,SE
26.50041670555556,12.07008,SE
23.477144683333332,9.83488,SE
19.555650216666667,11.176,SE
17.907650238888888,9.83488,SE
27.416605555555552,11.176,SE
31.49946055,11.176,SE
36.867137827777775,13.85824,SE
37.946704866666664,12.96416,SE
38.25002690555555,13.85824,SE
37.92838247777778,16.98752,SE
38.81517178888889,20.1168,SE
38.10953867222222,13.85824,SE
35.02654488068182,11.176,SE
24.532577822222226,9.83488,SE
10.512172172222222,8.04672,SSE
10.98429993888889,5.81152,SW
12.780189022222222,7.15264,SSW
16.129489094444445,5.81152,SSW
19.384789055555554,7.15264,S
25.689017089385473,7.15264,S
24.795494466666664,8.04672,S
18.087778099999998,5.81152,S
14.746200222222223,5.81152,S
13.072250152439024,4.91744,S
13.749000127777776,4.91744,S
8.909044572222221,8.04672,SW
34.75173288888889,8.04672,SE
37.72769351111111,12.07008,SE
37.460337583333335,12.07008,SE
36.00940463333333,13.85824,SSE
35.671421172222225,13.85824,SSE
31.81673252272727,11.176,SSE
19.60051691111111,8.9408,SSW
14.402427872222223,8.9408,SSW
18.142211216666666,8.9408,SSW
24.238555894444445,7.15264,S
32.17440505555555,8.04672,SSE
32.80094431111111,11.176,SSE
25.51821205882353,11.176,S
20.862360028571427,8.9408,S
11.382744494444445,4.91744,SSW
31.392764899441342,8.04672,S
36.47875498333333,9.83488,SSE
27.105489083333335,11.176,S
19.692416911111113,5.81152,S
13.200657262857144,8.04672,S
23.247366668604652,8.04672,SSE
26.06213903888889,8.04672,S
27.175350155555552,8.04672,S
27.579222150000003,8.04672,S
35.095871405555556,8.9408,S
34.85854934444444,13.85824,S
34.860128780898876,11.176,S
34.12173878888889,11.176,SSW
33.388283305555554,9.83488,SSW
34.23919455,9.83488,S
36.43847705555556,9.83488,S
37.67570988333333,12.07008,S
28.295129836158193,9.83488,SSW
36.026309838888885,12.07008,WSW
37.460299094444444,16.09344,W
36.96699902777778,17.8816,W
29.65830004444444,12.07008,WNW
20.486428022222224,12.07008,NW
14.860711283333332,9.83488,NW
10.2877167,8.04672,WNW
7.4840444222222215,8.9408,NNW
6.859499933333334,5.81152,NNW
10.180749944444443,8.04672,NNE
17.16573361111111,8.04672,NE
16.216444666666668,8.9408,N
12.516150022222224,11.176,NNW
13.616744538888888,8.9408,NNW
8.505627794444445,8.04672,N
18.459200005555555,8.04672,NNE
31.528597424581005,8.04672,NNE
33.7881044,13.85824,NNW
35.179360072222224,15.19936,NNW
28.934288572222222,12.96416,N
28.836838711111113,9.83488,N
21.79509448888889,9.83488,NNW
12.858599937142857,8.9408,NNW
8.582950066666667,5.81152,NW
9.455188944444444,7.15264,WNW
17.6675281,7.15264,WSW
25.89357813333333,11.176,WSW
29.970188977777777,12.96416,SW
33.2013782259887,13.85824,SW
34.51188265555555,13.85824,SW
34.593432605555556,15.19936,WSW
32.62096068333334,16.09344,W
33.45938253333333,9.83488,WSW
34.57088794444444,15.19936,WSW
34.54374373888889,16.09344,SW
35.65938263333334,13.85824,SW
36.51129322222222,13.85824,SSW
36.08888189444445,15.19936,SSW
34.56550472777778,15.19936,SW
34.74277145,11.176,SSW
30.044260605555554,12.07008,SW
22.74059438888889,9.83488,WSW
14.006611333333334,9.83488,W
7.558950022222223,7.15264,SSW
3.632500022222222,5.81152,S
3.663788883333333,1.78816,S
5.637649511111111,4.02336,E
3.445395638888889,3.12928,ENE
2.364444833333333,0.8940800000000001,SW
2.2772454916201115,3.12928,SE
2.731021738888889,1.78816,NNW
2.4394555555555555,3.12928,ESE
2.9243666666666663,3.12928,ESE
2.715522222222222,3.12928,NE
2.3442500111111113,4.91744,ENE
8.738749938888889,5.81152,NE
10.574200094444445,5.81152,NNE
12.782789066666666,8.04672,N
11.544988927777778,7.15264,NW
22.11273911111111,5.81152,NNE
28.15050581111111,12.07008,NW
22.852967,11.176,NNW
16.18640015,8.9408,NNW
15.037694599999998,5.81152,NW
10.28814448888889,7.15264,WNW
7.967783322222222,5.81152,WSW
5.297805505555556,4.91744,SW
3.5565722166666665,1.78816,S
3.253366672222222,3.12928,ESE
1.420225659217877,1.78816,N
6.658755544444444,3.12928,N
19.708661238888887,7.15264,N
24.274805500000003,9.83488,N
31.09256643333333,11.176,NNE
35.00621577222222,12.96416,NNE
36.00880459444444,12.07008,N
35.686782655555554,15.19936,N
32.19648311666666,12.96416,N
29.690500111111113,13.85824,N
31.277528016666665,12.96416,N
34.22170476666667,11.176,N
29.594305799999997,13.85824,NNW
27.722517033333336,11.176,N
22.31993893888889,9.83488,N
22.730777933333332,9.83488,N
19.611250166666668,8.9408,NNW
18.74144471111111,11.176,N
16.364611344444445,11.176,NNW
14.14421121111111,8.04672,NNE
16.903961294444443,9.83488,NNW
19.88450016666667,8.9408,N
22.405255766666667,9.83488,NNW
27.179750394444444,9.83488,N
26.211633483333333,11.176,N
26.053983394444444,9.83488,N
26.664083738888888,9.83488,N
22.361264534482757,8.9408,N
18.603711333333333,11.176,NNE
10.777199994444445,8.9408,NNE
6.060372266666667,5.81152,ENE
4.718650033333333,3.12928,ESE
5.111056542372881,4.02336,SE
5.642244461111111,4.91744,ESE
5.166266688888888,4.91744,SE
3.1409555499999997,4.02336,SE
2.3299888324022344,4.02336,SE
1.9112055555555556,0.8940800000000001,SE
2.2796722166666665,3.12928,SSW
2.55165,1.78816,SW
3.1382166666666667,3.12928,N
4.076755533333333,3.12928,NNE
2.940311111111111,3.12928,N
3.057649994444444,3.12928,N
3.7874277777777774,3.12928,NNE
4.169199994444445,4.02336,NNW
3.9551388888888885,8.04672,N
3.521750033333333,3.12928,NNW
2.2988222222222223,3.12928,NNW
2.960933322222222,3.12928,NW
3.0396833222222224,3.12928,W
3.6878091333333334,1.78816,W
4.945261094444444,4.91744,SW
9.931372372222222,5.81152,WSW
11.184188988888888,7.15264,SW
10.881477811111111,8.04672,SW
17.230750333333333,8.04672,SW
25.085644611111114,9.83488,SSW
17.864350194444444,12.07008,SW
16.290716844444447,8.9408,NNW
13.022083433333334,8.9408,N
11.966950033333335,9.83488,NW
20.765211194444444,8.9408,N
25.063878166666665,12.07008,N
26.762566983333333,8.9408,N
29.7762215,11.176,N
31.011765927777777,8.9408,NNW
29.568621883333336,12.07008,NW
22.433533844444444,12.96416,NNW
22.62447288888889,9.83488,NNW
16.516694705555555,8.9408,N
8.171950077777778,8.04672,NNW
5.635849894444444,5.81152,W
10.843422372222223,1.78816,SSE
22.162983377777778,8.9408,WSW
28.348705244444446,12.07008,SW
32.72148267777778,11.176,SSW
34.85004342222222,13.85824,SW
36.04086553333333,16.09344,SW
35.51359388888889,16.09344,SW
34.86355508333333,16.09344,NW
32.706910594444444,13.85824,WNW
24.827139222222222,13.85824,WNW
19.667228083333335,11.176,NW
20.884422677777778,8.9408,NW
24.71972793888889,12.07008,WSW
23.4882446,12.96416,W
13.6450891,8.9408,WNW
3.9286611,7.15264,WNW
0.9584444444444445,3.12928,NW
1.1596,0.8940800000000001,WNW
2.8203944499999998,1.78816,NNW
6.593988702247191,4.02336,N
7.922616666666666,8.9408,NNW
10.031011127777777,8.04672,NNW
18.00895548333333,8.04672,NNW
24.890466627777776,11.176,WNW
32.500260583333336,12.07008,NNW
35.35739429444445,13.85824,NW
34.80973887222222,13.85824,N
26.65491111111111,12.96416,NNE
23.10614443888889,8.04672,NNW
22.303483494444446,8.04672,N
24.94055567777778,8.9408,NNW
26.89333336666667,8.9408,N
25.07328905,11.176,NNW
22.720216722222222,9.83488,NNW
14.592494555555554,9.83488,NNW
15.13281125,8.04672,NNW
14.557222266666667,8.9408,N
7.996005599999999,7.15264,NNE
11.58769438888889,5.81152,ENE
20.12577246111111,8.9408,E
26.10763905,8.04672,ESE
28.91038910555556,8.9408,SE
31.302400255555554,11.176,SE
33.17619949444445,12.07008,SSE
34.3531273,13.85824,SSE
34.70425055865922,12.96416,SSE
34.223226905555556,9.83488,S
33.49448755813953,12.07008,SSE
10.526916683333333,5.81152,WSW
13.38113346111111,7.15264,SW
34.12054365,8.04672,SSE
30.568271355555552,12.96416,SSE
31.79891056111111,16.98752,SSE
33.15088260555555,20.1168,SSE
33.96522127777778,20.1168,SSE
35.28308213888889,17.8816,SSE
30.662350022222224,12.96416,SSE
32.60045273837209,5.81152,SSW
34.16272562569832,13.85824,WSW
29.02806069444445,16.98752,W
30.14539018435754,15.19936,W
30.714060294444444,16.09344,W
30.25539321666667,17.8816,W
33.271210044444445,12.07008,W
31.918793750000003,11.176,W
32.37457172777778,12.07008,WSW
32.223882938888885,9.83488,SSW
30.28369962777778,8.9408,WSW
32.14637668333333,8.9408,W
32.09343823333333,12.07008,WNW
35.353537772222225,12.07008,W
34.24907682777778,16.09344,W
33.81888248333333,9.83488,WSW
27.639244311111113,9.83488,WSW
28.30933913888889,12.07008,W
28.204766516666666,8.04672,W
30.014438433333332,12.96416,WSW
29.764516683333337,11.176,WSW
15.829383311111112,7.15264,W
10.059466650000001,4.91744,WSW
11.801350027777776,7.15264,SW
9.458072183333334,3.12928,S
8.09229435,4.91744,SSE
8.102927766666667,4.02336,S
8.004594355555556,3.12928,S
8.082838883333332,1.78816,SSW
13.82556115,4.02336,ENE
19.314161177777777,9.83488,NE
34.97931055555556,12.07008,E
37.19946035,12.07008,E
37.04877732222222,15.19936,NE
30.747693755555556,13.85824,NE
31.35397691111111,15.19936,NNE
33.733504764705884,19.22272,NNE
37.120204538888885,19.22272,NNE
38.28501032222222,17.8816,NNE
36.967748855555556,20.1168,N
37.05474904444445,21.01088,NNW
36.56991018888889,20.1168,NNW
31.32936581111111,19.22272,N
31.863404794444442,17.8816,N
33.49674852777778,16.09344,N
36.01276946368715,16.09344,NNW
36.30804264444444,16.98752,NNW
36.11207046111111,13.85824,NW
27.673043977777777,9.83488,NW
20.268111055555554,8.04672,WNW
22.330916772222224,11.176,NW
23.41981675,9.83488,WNW
20.409105516666667,9.83488,NW
25.556500050000004,12.07008,W
25.375477944444448,12.07008,WSW
17.8151334,8.9408,W
15.078189072222221,7.15264,SW
11.119522388888889,4.91744,NW
10.313372322222223,5.81152,WNW
11.003338966666668,8.04672,WSW
11.54262781111111,4.91744,SSW
15.375222338888888,4.91744,WNW
17.084305544444444,8.04672,WNW
17.84385555,8.9408,SW
16.47547225,8.04672,WSW
11.896127916666668,8.9408,W
9.576372288888889,3.12928,W
8.948433322222222,8.04672,ENE
7.7236573820224725,8.04672,NE
10.712250133333335,8.9408,NNE
11.8407985,0.8940800000000001,N
12.306150211111111,5.81152,WNW
19.033983272222223,8.04672,NNE
18.018427733333333,11.176,N
12.494422316666666,5.81152,N
9.181461077777778,5.81152,NNW
11.748888894444445,4.91744,N
11.927811216666667,4.91744,NNW
12.254483394444444,3.12928,N
11.468844516666667,1.78816,N
11.961488972222222,0.8940800000000001,E
11.914311333333332,1.78816,E
11.355544533333333,0.8940800000000001,N
7.0482167,4.02336,NNE
8.122127666666668,0.8940800000000001,ESE
12.822688916666667,11.176,NNW
12.179277938888887,5.81152,N
11.647322244444444,4.91744,NNE
10.62564959322034,8.04672,NNW
11.735811394444443,4.02336,NNE
8.24046658888889,1.78816,WNW
10.82754210055866,4.02336,ENE
13.604455705555557,5.81152,E
17.83860021111111,7.15264,ENE
14.786550111111112,4.91744,E
16.61926665,5.81152,ENE
20.851666716666667,7.15264,ENE
20.18707795,8.04672,ENE
21.435977988888887,8.9408,ENE
19.204194494444444,8.04672,NE
14.264100005555555,8.04672,NE
12.265088972222221,8.9408,NE
16.6764,8.9408,NNE
13.790450116666666,9.83488,NNE
15.848272255555555,9.83488,NNE
9.87313333888889,11.176,NNE
13.314183355555555,8.9408,NNE
16.0164111,8.9408,NNE
16.942066861111112,8.04672,NNE
11.193672311111111,7.15264,N
12.30041116111111,8.9408,N
12.174905583333334,4.91744,N
9.944133416666666,7.15264,NNW
10.996244555555556,4.91744,NW
10.898966616666666,7.15264,WNW
10.579561122222222,7.15264,W
12.843544411111111,8.04672,NW
11.656883372222223,7.15264,NNW
11.172911177777777,7.15264,NNW
13.229433116666668,4.91744,NNW
13.858871955555555,5.81152,NNE
14.882349733333333,4.91744,NE
15.077344166666666,8.04672,NE
14.057831308988764,8.04672,NNE
14.681038794444445,8.04672,N
10.595722255555556,8.04672,N
9.085983477777777,5.81152,N
10.386666755555556,4.91744,NNE
11.10531686111111,4.02336,ENE
11.952622338888888,4.91744,NE
24.092011183333334,8.04672,ENE
30.085133383333332,9.83488,E
29.388288988888892,8.04672,ENE
25.130462050000002,8.9408,ENE
24.17129531111111,8.9408,E
28.353850044444446,9.83488,E
29.821116772222226,8.9408,ENE
28.365583327777777,9.83488,ENE
27.408922122222222,11.176,E
24.737922405555558,9.83488,E
18.536522455555556,8.9408,E
32.94128286666667,11.176,ESE
34.59181033888889,11.176,E
29.67186661111111,11.176,ESE
21.16452247222222,11.176,ESE
14.80430565,5.81152,ENE
17.75252243888889,7.15264,ESE
19.80837255,8.04672,E
30.750999294444444,8.9408,ESE
35.09971518888889,11.176,SE
34.56426057777778,11.176,ESE
37.11627116111111,9.83488,ESE
33.0962487,11.176,ESE
34.38931499444445,12.96416,E
35.28876549444444,12.07008,ESE
37.93892121111111,13.85824,ESE
39.27525445,13.85824,ESE
39.33715997777778,13.85824,E
37.47964891666667,12.96416,ESE
36.47965463888889,11.176,E
33.44078770555556,12.07008,ESE
34.243915349999995,11.176,ESE
34.99755418888889,12.07008,E
36.43099872777778,13.85824,E
36.4867211,12.07008,ESE
37.157671216666664,15.19936,ESE
37.219409472222225,12.96416,ESE
36.939398161111114,15.19936,E
34.0177596,12.07008,ESE
35.028378367816096,12.96416,E
36.36466533888889,9.83488,ESE
35.38090956111111,11.176,ESE
33.35179335555556,12.07008,E
30.574271616666667,9.83488,E
26.248172283333336,8.9408,ESE
19.858205727777776,8.9408,E
16.237294672222223,8.04672,ESE
17.326305788888888,7.15264,E
18.90678107303371,9.83488,E
19.730922294444444,8.04672,ENE
28.037199633333334,8.04672,ESE
30.562038500000003,9.83488,ESE
15.837472283333334,7.15264,E
12.853933372222222,8.9408,NE
16.068316794444446,5.81152,NE
13.73518345,9.83488,NE
13.093794638888888,11.176,E
21.636344466666667,8.04672,ENE
26.746429776536313,9.83488,E
23.4078544301676,5.81152,ESE
21.40768378888889,8.04672,ENE
19.407983366666667,9.83488,NE
22.95598353888889,8.9408,ENE
16.669861244444444,8.04672,ENE
10.988933388888888,7.15264,E
13.061572044444445,4.91744,ENE
13.177350205555555,3.12928,ENE
12.255127300000002,0.8940800000000001,NNE
12.9539948,4.02336,NW
14.167383672222222,3.12928,N
12.923067050000002,4.91744,NNW
12.922345709497206,4.91744,NNW
12.934441077777779,3.12928,W
13.76717835,5.81152,ESE
15.010167227777778,4.91744,ESE
13.91709995,4.02336,ESE
10.203561094444444,7.15264,E
13.541016961111112,4.91744,ESE
12.776766788888889,4.91744,ESE
26.674694244444446,9.83488,SE
36.56421051111111,13.85824,SSE
38.51539347777778,16.09344,SSE
37.12191007777778,13.85824,SSE
37.30401618888889,12.96416,SSE
36.16009933888889,15.19936,SSE
35.714860405555555,13.85824,SSE
33.42099882777778,16.09344,SSE
33.04514463333333,16.09344,SSE
30.710456155555555,16.09344,SSE
30.62861715,16.09344,SSE
29.040605961111112,17.8816,SSE
26.471672883333333,17.8816,SSE
26.83180621111111,20.1168,SSE
25.19545627777778,21.01088,SSE
23.80682825,20.1168,SSE
25.134417494444445,21.01088,SSE
26.061800705555555,20.1168,SSE
26.689239794444443,17.8816,SSE
26.48431732222222,19.22272,SSE
25.468533983333334,19.22272,SSE
21.216889905555554,20.1168,SSE
24.269139572222226,20.1168,SSE
28.588449999999998,16.98752,SSE
28.470600683333334,12.96416,S
27.42554573033708,8.9408,S
22.839072744444447,8.9408,S
17.93228357222222,8.04672,SSE
12.964444472222224,8.04672,SSE
20.443250127777777,8.04672,S
19.269805716666667,8.04672,S
14.678027816666667,8.04672,S
20.268505733333335,8.04672,SSE
31.92752121111111,8.9408,SE
34.290537944444445,12.07008,SSE
34.801732449999996,13.85824,SSE
33.93824367777778,15.19936,SSE
34.263187755555556,12.07008,S
33.786393572222224,12.96416,S
29.718238005555556,11.176,SSW
30.568010627777777,8.9408,S
29.16572200555556,11.176,S
35.47258295555556,8.9408,SSE
35.49407132222222,13.85824,SSE
32.1471488,13.85824,S
33.24322111111111,12.07008,S
35.18008271111111,13.85824,S
30.7890878,13.85824,SSE
30.788504944444444,12.07008,SSE
28.937988933333333,9.83488,SSE
33.07242101666667,8.04672,SSE
35.44873728333333,12.96416,SSE
32.1741711,15.19936,SSE
32.21559972777778,16.09344,S
35.700548761111115,12.96416,SSW
29.706871850000002,12.96416,SW
29.97243326111111,12.07008,WSW
22.82566133888889,11.176,SW
32.009861094444446,8.04672,S
36.47342727777778,12.96416,SSE
36.016966044444445,16.98752,SSE
35.08143836111111,16.98752,SSE
34.24987685,12.96416,SSE
29.946577566666665,12.07008,S
26.288544494444448,8.9408,S
17.365094522222222,8.04672,S
21.901949955555555,7.15264,S
19.49458353888889,5.81152,S
21.783172311111112,8.9408,SSE
34.832644055555555,7.15264,SE
33.898133333333334,15.19936,SE
29.252827844444447,17.8816,SSE
30.728138444444443,13.85824,SSW
31.238110672222223,9.83488,SSW
31.09838811111111,12.96416,S
31.845026927374303,9.83488,S
29.492821855555555,11.176,S
31.076327283333335,8.9408,S
31.461415933333335,8.04672,S
29.248322094444443,8.9408,S
28.350277783333333,8.04672,S
27.76742474860335,8.04672,S
23.330805477777776,8.04672,S
21.630855694444445,7.15264,S
14.92977773888889,7.15264,SSW
13.675466644444443,5.81152,SSW
18.450666816666665,7.15264,S
20.36376671111111,7.15264,SSW
30.516588372222223,5.81152,S
31.70155579444444,9.83488,SSE
32.53964919444444,15.19936,SSE
34.77265501111111,13.85824,SSE
36.14036661666667,16.98752,SSE
32.330939477777775,19.22272,SSE
27.324866283333332,19.22272,SW
28.911238861111112,7.15264,S
28.316561033333333,9.83488,S
29.983366794444443,8.04672,S
33.153621533333336,11.176,S
32.32759962222222,12.07008,S
31.380999811111113,11.176,S
30.15776087777778,12.96416,SW
31.633671544444447,11.176,SSW
28.28227215,9.83488,SSW
31.555149516666667,9.83488,SSW
30.845260755555557,11.176,SW
33.36609406111111,15.19936,SW
33.0877659,13.85824,SW
32.010238666666666,16.98752,WSW
31.766205133333333,15.19936,W
32.71814966111111,12.07008,W
28.204771933333333,12.96416,W
29.80965530555555,9.83488,W
30.5014828,9.83488,WSW
32.69954916111111,9.83488,WSW
26.188361011111112,9.83488,SW
20.764039055555557,11.176,WSW
11.383055577777776,8.04672,WSW
10.183188794444446,5.81152,SSW
20.47815015,7.15264,SSW
27.21234448888889,8.04672,SSW
30.216471738888888,13.85824,WSW
29.563449227777774,8.9408,WSW
27.597593988888885,9.83488,WSW
29.575732872222222,9.83488,WSW
26.892399294444445,8.04672,WSW
28.082093766666667,8.9408,WSW
20.297649944444444,9.83488,SW
15.814883416666667,9.83488,WSW
19.065139161111112,8.04672,SW
14.916539161111112,8.9408,SW
16.273161194444445,8.04672,SW
9.094805638888888,8.04672,SSW
12.336383516666665,7.15264,SSW
19.885378033333332,7.15264,S
18.86156121666667,8.04672,SW
19.355366933333336,8.9408,SW
14.364416877777778,8.9408,SW
11.74035013888889,8.04672,SW
7.610605588888889,8.04672,SW
9.287138938888889,8.04672,SW
6.7446888722222225,7.15264,WSW
5.499483316666667,4.91744,WSW
7.07275005,4.91744,S
7.622172355555555,3.12928,S
10.599111322222223,5.81152,SSE
8.209561322222221,4.91744,S
9.568765800000001,4.02336,SE
9.915258488888888,4.02336,ESE
9.00983355,3.12928,SE
9.055722572222221,1.78816,SSE
7.122155638888889,1.78816,SW
5.993211105555555,0.8940800000000001,NE
6.570650111111111,1.78816,E
9.120433572222222,3.12928,NE
8.921900116666666,3.12928,NE
9.412144738888887,3.12928,NNW
9.678172366666667,4.02336,NNW
11.473111372222222,4.02336,N
18.89774441111111,7.15264,NE
25.05294433888889,11.176,NE
18.875255766666665,8.9408,NE
12.330616738888889,9.83488,NE
9.578650016666668,8.04672,NE
8.954755705555556,7.15264,NE
9.245439072222222,7.15264,N
9.613629292134831,5.81152,N
7.816150737430167,4.91744,N
7.913372294444445,4.91744,N
8.981439044444445,5.81152,NNW
9.788387194444445,4.91744,NW
10.664144377777777,4.02336,WNW
14.171583522222221,5.81152,WNW
11.428577855555556,7.15264,W
12.186739027777778,7.15264,WSW
24.40027776666667,9.83488,W
25.981288888888887,11.176,W
21.69383902222222,9.83488,W
19.191855644444445,9.83488,WSW
24.04893897777778,8.04672,WSW
30.514244299999998,8.9408,W
27.367227866666664,8.9408,WSW
26.436022366666666,8.9408,WSW
23.43330003333333,8.04672,WSW
9.536919528735632,4.91744,W
5.231944455555555,4.02336,WNW
7.595894488888889,4.02336,WNW
13.050111055555554,7.15264,ESE
16.43526686111111,5.81152,SE
14.652916805555556,5.81152,S
16.172627827777777,7.15264,SSE
19.226161216666664,8.04672,SE
12.504083377777778,8.9408,SE
6.743297612359551,7.15264,ESE
8.643394572222222,7.15264,ESE
9.936566655555556,4.91744,SE
11.513561105555555,5.81152,SE
11.526622144444445,7.15264,SSE
14.093783355555555,7.15264,SSE
20.553194272222225,7.15264,S
21.842322211111114,8.04672,S
21.399877733333334,8.04672,SSE
23.794188855555557,8.9408,SSE
23.328327888888886,9.83488,SSE
27.72891688888889,9.83488,SSE
33.119460672222225,11.176,SSE
32.53323837222222,13.85824,SSE
19.412094661111112,21.01088,SSE
28.290838949999998,21.01088,S
29.758244438888887,12.07008,SSW
30.473994505555552,13.85824,SW
28.79939460555556,12.07008,SSW
32.92181118888889,12.07008,S
34.31111059444444,13.85824,SSE
28.748916544444445,13.85824,S
30.102066483333335,9.83488,S
31.391366355555554,8.9408,SSE
32.52923315555555,13.85824,WNW
34.6698098,15.19936,WNW
34.23465461111111,15.19936,W
32.725115994444444,19.22272,WSW
33.95751023333333,16.09344,WSW
26.197189044444446,11.176,SSW
32.78103276666667,13.85824,W
31.369254877777777,13.85824,W
32.95057156666667,15.19936,WNW
33.25892672777778,16.09344,WNW
32.970921311111105,16.98752,WNW
32.09522177777777,16.09344,WNW
30.17721127777778,15.19936,NW
30.213489066666664,13.85824,NW
30.392444422222223,11.176,NW
20.187533477777777,8.9408,NW
19.351516699999998,8.04672,NNW
21.42414061235955,8.9408,N
13.976494477777777,7.15264,NNW
7.7092388666666665,8.04672,NNW
7.675010977777778,4.02336,N
8.295466633333334,0.8940800000000001,NNW
8.897649872222221,1.78816,SSW
6.829672261111111,4.02336,SW
10.723205727777778,4.91744,SE
14.312566777777779,7.15264,SSE
28.59383322777778,7.15264,S
32.46678225,13.85824,NW
29.72582207777778,12.96416,NW
30.043388327777777,12.96416,NW
27.394388883333335,12.07008,NW
28.064194477777775,9.83488,WNW
28.28977766666667,11.176,WNW
24.87951703888889,9.83488,WNW
18.88540016111111,8.9408,NW
18.654127855555558,7.15264,NW
12.853561194444445,7.15264,NW
6.966355483333334,4.91744,NW
12.00387786111111,4.91744,WNW
17.982789,8.04672,W
29.060161488888888,7.15264,WNW
30.77729036312849,11.176,WNW
30.99264412777778,9.83488,WNW
25.750183405555557,11.176,NW
23.725761194444445,8.04672,NW
20.921689266666665,8.9408,NNW
16.780927916666666,8.9408,NNW
9.610227877777778,5.81152,NNW
10.034474921787709,7.15264,NW
7.292011183333333,5.81152,NNW
11.280550055555555,4.91744,NW
14.778205616666666,5.81152,NW
14.071827861111112,4.91744,NW
12.419627883333334,7.15264,WNW
21.364255611111112,8.04672,WNW
28.241705394444445,8.9408,W
31.80998298888889,11.176,W
31.36158282222222,12.07008,W
31.654427133333336,12.96416,W
30.69565505,15.19936,W
29.568338544444448,16.09344,NW
23.242606675213676,12.96416,NW
9.90830553888889,4.02336,NW
18.8130000862069,7.15264,WNW
20.782578016666665,8.04672,WNW
22.82391675,9.83488,WNW
23.974588788888887,9.83488,W
27.666184273743017,8.04672,W
29.0394718,9.83488,W
27.694349655555556,12.07008,WSW
29.01469382222222,8.9408,WSW
30.276282855555554,11.176,WSW
28.796882894444444,13.85824,WSW
26.79101600555555,12.07008,SW
27.933960900000002,12.07008,SW
28.9799049,11.176,WSW
29.377415944444444,12.07008,WSW
29.056705133333335,12.07008,SW
12.960100111111112,9.83488,SW
16.633050216666668,8.9408,SW
18.235305750000002,5.81152,S
15.802555688888889,7.15264,S
20.77267225,8.04672,S
24.742955644444443,8.9408,S
30.1916007752809,9.83488,S
30.768232816666664,12.07008,SSW
27.102411272222223,19.22272,SW
27.988953063218393,13.85824,WSW
28.845340550000003,16.09344,W
28.045770631284917,12.96416,WSW
25.79468908888889,12.96416,SW
21.0763127,12.96416,SW
24.982072394444444,8.04672,SW
31.654944033333333,9.83488,SW
29.036471538888886,16.09344,WSW
29.562177350000002,13.85824,WSW
24.79372771111111,12.07008,WSW
20.161138911111113,9.83488,SW
26.566516827777775,9.83488,S
25.598860916201115,11.176,S
18.072805683333335,8.9408,S
27.08624442777778,7.15264,S
28.013415219101123,11.176,S
23.394878000000002,9.83488,S
24.273927794444443,8.04672,SSW
22.06412307821229,9.83488,S
16.288474938547484,9.83488,SW
26.596799983333334,9.83488,W
27.868944572222226,12.96416,WSW
25.965223195530726,15.19936,WSW
4.808827766666666,8.04672,SSW
5.62567225,4.91744,WNW
10.151094444444444,4.02336,W
16.455777894444445,11.176,WSW
17.920200055555558,8.04672,WNW
14.766550177777779,4.91744,WSW
21.020200133333333,7.15264,SW
28.466238794444447,16.09344,SSE
29.700216133333335,15.19936,S
29.82847717222222,12.96416,S
29.02572757777778,15.19936,WSW
30.31648809444444,12.07008,WSW
21.17664243575419,12.96416,SW
27.498544550000002,7.15264,SSW
31.773499194444444,11.176,SSE
27.85027777777778,12.07008,S
23.550100116666666,12.07008,SW
26.09426633888889,11.176,SW
31.175082738888886,12.07008,WSW
29.970488127777777,16.98752,WSW
26.857505694444445,12.07008,WSW
12.874727827777777,12.07008,WSW
6.432758911111112,5.81152,SW
10.628269466666667,0.8940800000000001,E
27.15645543888889,4.91744,W
29.673755094444445,3.12928,SW
29.156144188888888,5.81152,SW
23.046811394444447,8.04672,SW
5.403488866666667,4.91744,WNW
6.680211055555555,5.81152,NW
6.842588877777778,7.15264,NNE
6.502561775280898,7.15264,NNE
25.276600138888888,9.83488,NE
32.197078194444444,12.96416,NE
29.24202249444444,12.96416,NE
26.574777949999998,9.83488,NE
20.93330565,9.83488,NE
17.681961283333333,9.83488,NNE
9.452483327777777,8.9408,N
5.794749977777778,9.83488,N
2.5986,4.02336,N
3.9574888833333333,5.81152,N
3.2086110999999997,4.91744,N
2.505262422222222,3.12928,N
5.7639110888888885,4.02336,WNW
10.540227772222222,5.81152,WNW
14.544489094444446,8.04672,WNW
19.321683727777778,7.15264,WNW
15.129022311111111,9.83488,NW
12.033777866666666,7.15264,NNW
10.101561172222222,7.15264,N
14.246283483333334,8.04672,N
17.136805755555557,8.9408,NNW
19.91717247777778,8.04672,NNW
15.161638949999999,8.9408,NNW
5.506538894444445,8.04672,NNW
6.499466638888888,5.81152,NNW
17.890272416666665,8.9408,WNW
25.88987252222222,8.9408,WNW
30.985105733333334,9.83488,WNW
29.592088555555556,12.07008,WNW
31.50400492777778,12.07008,WNW
34.469205116666664,12.07008,W
34.64422180555555,12.07008,W
34.72638245714286,13.85824,W
35.09439953333333,16.09344,W
34.71225508888889,16.98752,WSW
31.05120582777778,19.22272,WSW
32.28763106703911,17.8816,W
34.8452271,19.22272,NNW
31.61218968715084,21.01088,NNW
23.00848383888889,12.96416,NNW
25.501283444444447,19.22272,NNW
25.668155494444445,20.1168,NW
22.248133711111112,20.1168,NNW
22.300461183333333,21.01088,NNW
29.82315527777778,19.22272,NNW
29.81844431111111,19.22272,NNW
30.244450272222224,20.1168,NW
33.02298334444445,17.8816,NNW
32.48934411111111,17.8816,NNW
31.10412802777778,17.8816,NNW
33.845216461111114,17.8816,NNW
32.69852208333334,19.22272,NNW
29.825605505555554,16.09344,NNW
32.34213327222222,19.22272,NNW
33.51888888888889,16.98752,NNW
32.84276640555556,16.98752,NNW
32.82579393333333,15.19936,NNW
32.56134945555556,13.85824,N
28.896883194444445,13.85824,NNW
23.733550377777778,8.04672,NW
16.616300233333334,7.15264,NNW
